{
    "name": "root",
    "metadata": {
        "timer_format_version": "0.1.0",
        "start_time_seconds": "1776820608",
        "python_version": "3.10.12 | packaged by Anaconda, Inc. | (main, Jul  5 2023, 19:01:18) [MSC v.1916 64 bit (AMD64)]",
        "command_line_arguments": "C:\\Users\\plati\\miniconda3\\envs\\mlagentsGood\\Scripts\\mlagents-learn config.yaml --run-id=NewWormRun1 --force",
        "mlagents_version": "1.1.0",
        "mlagents_envs_version": "1.1.0",
        "communication_protocol_version": "1.5.0",
        "pytorch_version": "2.2.2+cpu",
        "numpy_version": "1.23.5",
        "end_time_seconds": "1776820644"
    },
    "total": 36.17035160001251,
    "count": 1,
    "self": 0.005697900021914393,
    "children": {
        "run_training.setup": {
            "total": 0.08081739998306148,
            "count": 1,
            "self": 0.08081739998306148
        },
        "TrainerController.start_learning": {
            "total": 36.08383630000753,
            "count": 1,
            "self": 0.07598400005372241,
            "children": {
                "TrainerController._reset_env": {
                    "total": 11.226263199991081,
                    "count": 1,
                    "self": 11.226263199991081
                },
                "TrainerController.advance": {
                    "total": 24.611082699964754,
                    "count": 3904,
                    "self": 0.07296550029423088,
                    "children": {
                        "env_step": {
                            "total": 24.038342798827216,
                            "count": 3904,
                            "self": 19.438412999152206,
                            "children": {
                                "SubprocessEnvManager._take_step": {
                                    "total": 4.551826200913638,
                                    "count": 3904,
                                    "self": 0.2886902014433872,
                                    "children": {
                                        "TorchPolicy.evaluate": {
                                            "total": 4.263135999470251,
                                            "count": 3886,
                                            "self": 4.263135999470251
                                        }
                                    }
                                },
                                "workers": {
                                    "total": 0.04810359876137227,
                                    "count": 3903,
                                    "self": 0.0,
                                    "children": {
                                        "worker_root": {
                                            "total": 26.733007201284636,
                                            "count": 3903,
                                            "is_parallel": true,
                                            "self": 11.142099501972552,
                                            "children": {
                                                "steps_from_proto": {
                                                    "total": 0.0027861999988090247,
                                                    "count": 1,
                                                    "is_parallel": true,
                                                    "self": 0.0002179000002797693,
                                                    "children": {
                                                        "_process_rank_one_or_two_observation": {
                                                            "total": 0.0025682999985292554,
                                                            "count": 2,
                                                            "is_parallel": true,
                                                            "self": 0.0025682999985292554
                                                        }
                                                    }
                                                },
                                                "UnityEnvironment.step": {
                                                    "total": 15.588121499313274,
                                                    "count": 3903,
                                                    "is_parallel": true,
                                                    "self": 0.2982531985908281,
                                                    "children": {
                                                        "UnityEnvironment._generate_step_input": {
                                                            "total": 0.3127299999759998,
                                                            "count": 3903,
                                                            "is_parallel": true,
                                                            "self": 0.3127299999759998
                                                        },
                                                        "communicator.exchange": {
                                                            "total": 14.314433600287884,
                                                            "count": 3903,
                                                            "is_parallel": true,
                                                            "self": 14.314433600287884
                                                        },
                                                        "steps_from_proto": {
                                                            "total": 0.662704700458562,
                                                            "count": 3903,
                                                            "is_parallel": true,
                                                            "self": 0.3352020998718217,
                                                            "children": {
                                                                "_process_rank_one_or_two_observation": {
                                                                    "total": 0.3275026005867403,
                                                                    "count": 7806,
                                                                    "is_parallel": true,
                                                                    "self": 0.3275026005867403
                                                                }
                                                            }
                                                        }
                                                    }
                                                }
                                            }
                                        }
                                    }
                                }
                            }
                        },
                        "trainer_advance": {
                            "total": 0.4997744008433074,
                            "count": 3903,
                            "self": 0.07621740002650768,
                            "children": {
                                "process_trajectory": {
                                    "total": 0.4235570008167997,
                                    "count": 3903,
                                    "self": 0.4235570008167997
                                }
                            }
                        }
                    }
                },
                "trainer_threads": {
                    "total": 1.4999823179095984e-06,
                    "count": 1,
                    "self": 1.4999823179095984e-06
                },
                "TrainerController._save_models": {
                    "total": 0.17050490001565777,
                    "count": 1,
                    "self": 0.04579190001823008,