{
    "name": "root",
    "gauges": {
        "CaterpillarAgent.Policy.Entropy.mean": {
            "value": 1.3442057371139526,
            "min": 1.3442057371139526,
            "max": 1.3442057371139526,
            "count": 1
        },
        "CaterpillarAgent.Policy.Entropy.sum": {
            "value": 86.02916717529297,
            "min": 86.02916717529297,
            "max": 86.02916717529297,
            "count": 1
        },
        "CaterpillarAgent.IsTraining.mean": {
            "value": 1.0,
            "min": 1.0,
            "max": 1.0,
            "count": 1
        },
        "CaterpillarAgent.IsTraining.sum": {
            "value": 1.0,
            "min": 1.0,
            "max": 1.0,
            "count": 1
        }
    },
    "metadata": {
        "timer_format_version": "0.1.0",
        "start_time_seconds": "1776043194",
        "python_version": "3.10.12 | packaged by Anaconda, Inc. | (main, Jul  5 2023, 19:01:18) [MSC v.1916 64 bit (AMD64)]",
        "command_line_arguments": "C:\\Users\\plati\\miniconda3\\envs\\mlagents\\Scripts\\mlagents-learn config.yaml --run-id=run9 --resume",
        "mlagents_version": "1.1.0",
        "mlagents_envs_version": "1.1.0",
        "communication_protocol_version": "1.5.0",
        "pytorch_version": "2.11.0+cpu",
        "numpy_version": "1.23.5",
        "end_time_seconds": "1776043224"
    },
    "total": 29.428770200000145,
    "count": 1,
    "self": 0.021486999990884215,
    "children": {
        "run_training.setup": {
            "total": 0.19432149996282533,
            "count": 1,
            "self": 0.19432149996282533
        },
        "TrainerController.start_learning": {
            "total": 29.212961700046435,
            "count": 1,
            "self": 0.002964699757285416,
            "children": {
                "TrainerController._reset_env": {
                    "total": 17.987371399998665,
                    "count": 1,
                    "self": 17.987371399998665
                },
                "TrainerController.advance": {
                    "total": 8.327194900251925,
                    "count": 64,
                    "self": 0.0027405006112530828,
                    "children": {
                        "env_step": {
                            "total": 3.3664853997179307,
                            "count": 64,
                            "self": 3.2248630997492,
                            "children": {
                                "SubprocessEnvManager._take_step": {
                                    "total": 0.13985010009491816,
                                    "count": 64,
                                    "self": 0.008663400076329708,
                                    "children": {
                                        "TorchPolicy.evaluate": {
                                            "total": 0.13118670001858845,
                                            "count": 64,
                                            "self": 0.13118670001858845
                                        }
                                    }
                                },
                                "workers": {
                                    "total": 0.0017721998738124967,
                                    "count": 64,
                                    "self": 0.0,
                                    "children": {
                                        "worker_root": {
                                            "total": 6.874245899904054,
                                            "count": 64,
                                            "is_parallel": true,
                                            "self": 3.777428299887106,
                                            "children": {
                                                "steps_from_proto": {
                                                    "total": 0.0005167999770492315,
                                                    "count": 1,
                                                    "is_parallel": true,
                                                    "self": 0.00023850001161918044,
                                                    "children": {
                                                        "_process_rank_one_or_two_observation": {
                                                            "total": 0.0002782999654300511,
                                                            "count": 2,
                                                            "is_parallel": true,
                                                            "self": 0.0002782999654300511
                                                        }
                                                    }
                                                },
                                                "UnityEnvironment.step": {
                                                    "total": 3.0963008000398986,
                                                    "count": 64,
                                                    "is_parallel": true,
                                                    "self": 0.009904399805236608,
                                                    "children": {
                                                        "UnityEnvironment._generate_step_input": {
                                                            "total": 0.009718599962070584,
                                                            "count": 64,
                                                            "is_parallel": true,
                                                            "self": 0.009718599962070584
                                                        },
                                                        "communicator.exchange": {
                                                            "total": 3.0547372000291944,
                                                            "count": 64,
                                                            "is_parallel": true,
                                                            "self": 3.0547372000291944
                                                        },
                                                        "steps_from_proto": {
                                                            "total": 0.021940600243397057,
                                                            "count": 64,
                                                            "is_parallel": true,
                                                            "self": 0.012025300413370132,
                                                            "children": {
                                                                "_process_rank_one_or_two_observation": {
                                                                    "total": 0.009915299830026925,
                                                                    "count": 128,
                                                                    "is_parallel": true,
                                                                    "self": 0.009915299830026925
                                                                }
                                                            }
                                                        }
                                                    }
                                                }
                                            }
                                        }
                                    }
                                }
                            }
                        },
                        "trainer_advance": {
                            "total": 4.957968999922741,
                            "count": 64,
                            "self": 0.002052399911917746,