{"count":1,"self":653.0166272,"total":5028.182096,"children":{"InitializeActuators":{"count":1,"self":0.0015019999999999999,"total":0.0015019999999999999,"children":null},"InitializeSensors":{"count":1,"self":0.0010054,"total":0.0010054,"children":null},"AgentSendState":{"count":1000051,"self":6.3180648,"total":137.9082373,"children":{"CollectObservations":{"count":1000051,"self":114.9466624,"total":114.94665839999999,"children":null},"WriteActionMask":{"count":1000051,"self":0.95679739999999991,"total":0.95679739999999991,"children":null},"RequestDecision":{"count":1000051,"self":4.30369,"total":15.6867167,"children":{"AgentInfo.ToProto":{"count":1000051,"self":3.5740431999999998,"total":11.3830267,"children":{"GenerateSensorData":{"count":1000051,"self":7.8089831999999992,"total":7.8089835,"children":null}}}}}}},"DecideAction":{"count":1000051,"self":4223.9537152,"total":4223.9536376999995,"children":null},"AgentAct":{"count":1000051,"self":13.204343999999999,"total":13.2670079,"children":{"AgentInfo.ToProto":{"count":6141,"self":0.0241193,"total":0.062664299999999992,"children":{"GenerateSensorData":{"count":6141,"self":0.038544999999999996,"total":0.038544999999999996,"children":null}}}}},"AgentInfo.ToProto":{"count":2071,"self":0.0114393,"total":0.0330518,"children":{"GenerateSensorData":{"count":2071,"self":0.0216125,"total":0.0216125,"children":null}}}},"gauges":{"CaterpillarAgent.CumulativeReward":{"count":8212,"max":2.51059771,"min":-2.609708,"runningAverage":1.35961735,"value":-0.8636951,"weightedAverage":1.03197575}},"metadata":{"timer_format_version":"0.1.0","start_time_seconds":"1776189266","unity_version":"6000.3.6f1","command_line_arguments":"C:\\Program Files\\Unity\\Hub\\Editor\\6000.3.6f1\\Editor\\Unity.exe -projectpath C:\\SpecialTopicsProject\\Special-Topics---Gaming\\MiTierrita -acceptSoftwareTermsForThisRunOnly -useHub -hubIPC -cloudEnvironment production","communication_protocol_version":"1.5.0","com.unity.ml-agents_version":"4.0.2","scene_name":"AgentTraining","end_time_seconds":"1776194294"}}